SECID,BOARDID,SHORTNAME,PREVPRICE,LOTSIZE,FACEVALUE,STATUS,BOARDNAME,DECIMALS,SECNAME,REMARKS,MARKETCODE,INSTRID,SECTORID,MINSTEP,PREVWAPRICE,FACEUNIT,PREVDATE,ISSUESIZE,ISIN,LATNAME,REGNUMBER,PREVLEGALCLOSEPRICE,CURRENCYID,SECTYPE,LISTLEVEL,SETTLEDATE
ABIO,TQBR,iАРТГЕН ао,84.86,10,0.1,A,Т+: Акции и ДР - безадрес.,2,"ПАО ""Артген""",,FNDT,EQIN,,0.02,84.86,SUR,2024-07-12,92645451,RU000A0JNAB6,ARTGEN ao,1-01-08902-A,83.78,SUR,1,2,2024-07-16
ABRD,TQBR,АбрауДюрсо,226.6,10,1.0,A,Т+: Акции и ДР - безадрес.,1,Абрау-Дюрсо ПАО ао,,FNDT,EQIN,,0.2,229.4,SUR,2024-07-12,98000184,RU000A0JS5T7,Abrau-Durso ao,1-02-12500-A,226.6,SUR,1,3,2024-07-16
ACKO,TQBR,АСКО ао,3.58,100,1.0,A,Т+: Акции и ДР - безадрес.,2,АСКО ПАО ао,,FNDT,EQIN,,0.02,3.64,SUR,2024-07-12,536000000,RU000A0JXS91,ASKO ao,1-01-52065-Z,3.58,SUR,1,3,2024-07-16
AFKS,TQBR,Система ао,22.649,100,0.09,A,Т+: Акции и ДР - безадрес.,3,"АФК ""Система"" ПАО ао",,FNDT,EQIN,,0.001,22.382,SUR,2024-07-12,9650000000,RU000A0DQZE3,AFK Sistema,1-05-01669-A,22.401,SUR,1,1,2024-07-16
AFLT,TQBR,Аэрофлот,55.4,10,1.0,A,Т+: Акции и ДР - безадрес.,2,Аэрофлот-росс.авиалин(ПАО)ао,,FNDT,EQIN,,0.01,55.39,SUR,2024-07-12,3975771215,RU0009062285,Aeroflot,1-01-00010-A,55.12,SUR,1,1,2024-07-16
AGRO,TQBR,AGRO-гдр,1544.2,1,0.0,A,Т+: Акции и ДР - безадрес.,1,ГДР ROS AGRO PLC ORD SHS,,FNDT,EQIN,,0.2,1482.6,USD,2024-07-12,0,US7496552057,GDR ROS AGRO PLC ORD SHS,,1431.0,SUR,D,1,2024-07-16
AKRN,TQBR,Акрон,15410.0,1,5.0,A,Т+: Акции и ДР - безадрес.,0,Акрон ПАО ао,,FNDT,EQIN,,2.0,15408.0,SUR,2024-07-12,36757156,RU0009028674,Acron,1-03-00207-A,15410.0,SUR,1,2,2024-07-16
ALRS,TQBR,АЛРОСА ао,64.47,10,0.5,A,Т+: Акции и ДР - безадрес.,2,АЛРОСА ПАО ао,,FNDT,EQIN,,0.01,65.15,SUR,2024-07-12,7364965630,RU0007252813,ALROSA ao,1-03-40046-N,64.8,SUR,1,1,2024-07-16
AMEZ,TQBR,АшинскийМЗ,73.64,100,1.0,A,Т+: Акции и ДР - безадрес.,2,Ашинский метзавод ПАО ао,,FNDT,EQIN,,0.02,73.36,SUR,2024-07-12,498454822,RU000A0B88G6,Ashinckiy metzavod PAO,1-03-45219-D,73.64,SUR,1,3,2024-07-16
APTK,TQBR,Аптеки36и6,11.466,10,0.64,A,Т+: Акции и ДР - безадрес.,3,"ПАО ""Аптечная сеть 36,6"" ао",,FNDT,EQIN,,0.002,11.442,SUR,2024-07-12,7630433826,RU0008081765,"Apteki 36,6",1-01-07335-A,11.466,SUR,1,2,2024-07-16
AQUA,TQBR,ИНАРКТИКА,786.0,1,100.0,A,Т+: Акции и ДР - безадрес.,1,ПАО ИНАРКТИКА,,FNDT,EQIN,,0.5,788.0,SUR,2024-07-12,87876649,RU000A0JQTS3,INARCTIKA,1-01-04461-D,788.0,SUR,1,1,2024-07-16
ARSA,TQBR,Арсагера,13.95,100,1.0,A,Т+: Акции и ДР - безадрес.,2,УК Арсагера ПАО-ао,,FNDT,EQIN,,0.01,13.88,SUR,2024-07-12,123817165,RU000A0JP0Q7,UK Arsagera,1-01-03163-D,13.95,SUR,1,3,2024-07-16
ASSB,TQBR,АстрЭнСб,2.48,1000,0.007,A,Т+: Акции и ДР - безадрес.,3,"""Астраханская ЭСК"" ПАО",,FNDT,EQIN,,0.005,2.5,SUR,2024-07-12,773900078,RU000A0D8MM8,Astrakhan Energo Sbyt,1-01-55064-E,2.485,SUR,1,3,2024-07-16
ASTR,TQBR,Астра ао,540.55,1,0.05,A,Т+: Акции и ДР - безадрес.,2,Группа Астра ао,,FNDT,EQIN,,0.05,538.7,SUR,2024-07-12,210000000,RU000A106T36,Astra Group,1-01-01286-G,538.6,SUR,1,2,2024-07-16
AVAN,TQBR,Авангрд-ао,694.0,1,10.0,A,Т+: Акции и ДР - безадрес.,0,"АКБ ""АВАНГАРД"" ПАО ао",,FNDT,EQIN,,1.0,683.0,SUR,2024-07-12,80700000,RU000A0DM7B3,"AKB ""AVANGARD""",10102879B,694.0,SUR,1,3,2024-07-16
BANE,TQBR,Башнефт ао,2723.0,1,1.0,A,Т+: Акции и ДР - безадрес.,1,Башнефть АНК ао,,FNDT,EQIN,,0.5,2772.0,SUR,2024-07-12,147846489,RU0007976957,Bashneft ANK ao,1-01-00013-A,2687.0,SUR,1,3,2024-07-16
BANEP,TQBR,Башнефт ап,1643.0,1,1.0,A,Т+: Акции и ДР - безадрес.,1,Башнефть АНК ап,,FNDT,EQIN,,0.5,1668.5,SUR,2024-07-12,29788012,RU0007976965,Bashneft ANK ap,2-01-00013-A,1648.0,SUR,2,3,2024-07-16
BELU,TQBR,НоваБев ао,5228.0,1,100.0,A,Т+: Акции и ДР - безадрес.,0,НоваБев Групп ПАО ао,,FNDT,EQIN,,1.0,5243.0,SUR,2024-07-12,15800000,RU000A0HL5M1,NovaBev Group ao,1-01-55052-E,5228.0,SUR,1,1,2024-07-16
BISVP,TQBR,БашИнСв ап,10.66,100,1.0,A,Т+: Акции и ДР - безадрес.,2,Башинформсвязь(ПАО) ап,,FNDT,EQIN,,0.01,10.76,SUR,2024-07-12,36165270,RU0009100176,BashInformSvyaz ap,2-01-00011-A,10.7,SUR,2,3,2024-07-16
BLNG,TQBR,Белон ао,20.025,100,0.01,A,Т+: Акции и ДР - безадрес.,3,Белон ОАО ао,,FNDT,EQIN,,0.005,20.24,SUR,2024-07-12,1150000000,RU000A0J2QG8,Belon ao,1-06-10167-F,20.025,SUR,1,3,2024-07-16
BRZL,TQBR,БурЗолото,2012.0,1,0.025,A,Т+: Акции и ДР - безадрес.,0,Бурятзолото ПАО ао,,FNDT,EQIN,,1.0,2044.0,SUR,2024-07-12,7027270,RU0009288658,Buryatzoloto ao,1-06-20577-F,2012.0,SUR,1,3,2024-07-16
BSPB,TQBR,БСП ао,356.45,10,1.0,A,Т+: Акции и ДР - безадрес.,2,"ПАО ""Банк ""Санкт-Петербург"" ао",,FNDT,EQIN,,0.01,353.24,SUR,2024-07-12,457544031,RU0009100945,BSP,10300436B,352.4,SUR,1,1,2024-07-16
BSPBP,TQBR,БСП ап,46.85,100,1.0,A,Т+: Акции и ДР - безадрес.,2,Банк Санкт-Петербург ап,,FNDT,EQIN,,0.05,46.9,SUR,2024-07-12,20100000,RU000A0JP0U9,BSP ap,20100436B,46.85,SUR,2,3,2024-07-16
CARM,TQBR,СТГ,2.1315,100,1.0,A,Т+: Акции и ДР - безадрес.,4,СТГ ао,,FNDT,EQIN,,0.0005,2.134,SUR,2024-07-12,2203330301,RU000A105NV2,STG,1-01-03536-G,2.1365,SUR,1,3,2024-07-16
CBOM,TQBR,МКБ ао,6.894,100,1.0,A,Т+: Акции и ДР - безадрес.,3,"""МКБ"" ПАО ао",,FNDT,EQIN,,0.001,6.868,SUR,2024-07-12,33429709866,RU000A0JUG31,MKB ao,10101978B,6.869,SUR,1,1,2024-07-16
CHGZ,TQBR,РН-ЗапСиб,114.8,10,0.1,A,Т+: Акции и ДР - безадрес.,1,РН-Западная Сибирь ПАО ао,,FNDT,EQIN,,0.2,114.8,SUR,2024-07-12,26771420,RU0009082291,RN-Western Siberia ao,1-01-00185-A,114.8,SUR,1,3,2024-07-16
CHKZ,TQBR,ЧКПЗ ао,24050.0,1,200.0,A,Т+: Акции и ДР - безадрес.,0,"""ЧКПЗ"" ПАО ао",,FNDT,EQIN,,50.0,24000.0,SUR,2024-07-12,600216,RU000A0JNST0,CKPZ,1-03-45058-D,24050.0,SUR,1,3,2024-07-16
CHMF,TQBR,СевСт-ао,1471.6,1,0.01,A,Т+: Акции и ДР - безадрес.,1,Северсталь (ПАО)ао,,FNDT,EQIN,,0.2,1462.8,SUR,2024-07-12,837718660,RU0009046510,Severstal - ao,1-02-00143-A,1458.0,SUR,1,1,2024-07-16
CHMK,TQBR,ЧМК ао,6720.0,1,1.0,A,Т+: Акции и ДР - безадрес.,0,"""ЧМК"" ПАО ао",,FNDT,EQIN,,5.0,6770.0,SUR,2024-07-12,3161965,RU0007665170,CMK,1-01-00080-A,6720.0,SUR,1,3,2024-07-16
CIAN,TQBR,CIAN-адр,758.2,1,0.0,A,Т+: Акции и ДР - безадрес.,1,АДР Cian PLC ORD SHS,,FNDT,EQIN,,0.2,764.6,SUR,2024-07-12,0,US83418T1088,ADR Cian PLC ORD SHS,,758.2,SUR,D,1,2024-07-16
CNTL,TQBR,Телеграф,12.2,100,1.0,A,Т+: Акции и ДР - безадрес.,2,"""Центральный Телеграф"" ПАО ао",,FNDT,EQIN,,0.02,12.34,SUR,2024-07-12,166167000,RU0007665147,Centrlnyi Telegraf,1-03-00327-A,12.2,SUR,1,3,2024-07-16
CNTLP,TQBR,Телеграф-п,8.86,100,1.0,A,Т+: Акции и ДР - безадрес.,2,"""Центральный Телеграф"" ПАО ап",,FNDT,EQIN,,0.02,8.88,SUR,2024-07-12,55389000,RU0007665139,Centrlnyi Telegraf ap,2-03-00327-A,8.82,SUR,2,3,2024-07-16
DELI,TQBR,Каршеринг,282.4,1,0.000625,A,Т+: Акции и ДР - безадрес.,2,Каршеринг Руссия ао,,FNDT,EQIN,,0.05,280.95,SUR,2024-07-12,175849057,RU000A107J11,Carsharing Russia,1-01-16750-A,282.4,SUR,1,2,2024-07-16
DIAS,TQBR,iДиасофт,5002.5,1,0.01,A,Т+: Акции и ДР - безадрес.,1,Диасофт ао,,FNDT,EQIN,,0.5,5013.5,SUR,2024-07-12,10500000,RU000A107ER5,Diasoft,1-01-84777-H,5002.5,SUR,1,2,2024-07-16
DIOD,TQBR,ЗаводДИОД,14.3,100,0.01,A,Т+: Акции и ДР - безадрес.,2,Завод ДИОД ПАО ао,,FNDT,EQIN,,0.01,14.9,SUR,2024-07-12,91500000,RU000A0JQWC1,Zavod DIOD ao,1-03-06923-A,14.3,SUR,1,3,2024-07-16
DVEC,TQBR,ДЭК ао,2.52,1000,1.0,A,Т+: Акции и ДР - безадрес.,3,"""ДЭК"" ПАО ао",,FNDT,EQIN,,0.001,2.557,SUR,2024-07-12,17223107804,RU000A0JP2W1,DEC,1-01-55275-E,2.518,SUR,1,3,2024-07-16
DZRD,TQBR,ДонскЗР,3955.0,1,1.0,A,Т+: Акции и ДР - безадрес.,0,Донской завод радиодеталей ао,,FNDT,EQIN,,5.0,4060.0,SUR,2024-07-12,343407,RU000A0JQW11,DZRD ao,1-01-02677-A,3955.0,SUR,1,3,2024-07-16
DZRDP,TQBR,ДонскЗР п,2910.0,1,1.0,A,Т+: Акции и ДР - безадрес.,0,Донской завод радиодеталей ап,,FNDT,EQIN,,10.0,2970.0,SUR,2024-07-12,114469,RU000A0JQW29,DZRD pref.,2-01-02677-A,2910.0,SUR,2,3,2024-07-16
EELT,TQBR,ЕвроЭлтех,15.7,10,1.0,A,Т+: Акции и ДР - безадрес.,2,"""ЕвропЭлектротехника"" ПАО ао",,FNDT,EQIN,,0.02,16.12,SUR,2024-07-12,551813000,RU000A0JWW54,European Eltech,1-01-83993-H,15.7,SUR,1,3,2024-07-16
ELFV,TQBR,ЭЛ5Энер ао,0.5486,1000,1.0,A,Т+: Акции и ДР - безадрес.,4,"""ЭЛ5-Энерго"" ПАО",,FNDT,EQIN,,0.0002,0.5542,SUR,2024-07-12,35371898370,RU000A0F5UN3,El5-Ener,1-01-50077-A,0.5472,SUR,1,1,2024-07-16
ELMT,TQBR,Элемент,0.17666,1000,0.05,A,Т+: Акции и ДР - безадрес.,5,Элемент,,FNDT,EQIN,,2e-05,0.17666,SUR,2024-07-12,469725539040,RU000A102093,ELEMENT,1-01-16673-A,0.17666,SUR,1,3,2024-07-16
ENPG,TQBR,ЭН+ГРУП ао,389.0,1,7e-05,A,Т+: Акции и ДР - безадрес.,2,МКПАО ЭН+ ГРУП ао,,FNDT,EQIN,,0.05,388.95,USD,2024-07-12,638848896,RU000A100K72,EN+ GROUP IPJSC ORD SHS,1-01-16625-A,387.15,SUR,1,1,2024-07-16
ETLN,TQBR,ETLN-гдр,73.7,1,0.0,A,Т+: Акции и ДР - безадрес.,2,ГДР ETALON GROUP PLC ORD SHS,,FNDT,EQIN,,0.02,74.0,USD,2024-07-12,0,US29760G1031,GDR ETALON GROUP PLC ORD SHS,,73.7,SUR,D,1,2024-07-16
EUTR,TQBR,ЕвроТранс,113.2,1,0.05,A,Т+: Акции и ДР - безадрес.,2,ЕвроТранс ао,,FNDT,EQIN,,0.05,114.8,SUR,2024-07-12,159148665,RU000A1002V2,EvroTrans,1-01-80110-H,113.2,SUR,1,1,2024-07-16
FEES,TQBR,Россети,0.09516,10000,0.5,A,Т+: Акции и ДР - безадрес.,5,"""ФСК - Россети"" ПАО",,FNDT,EQIN,,2e-05,0.09536,SUR,2024-07-12,2113460101477,RU000A0JPNN9,FGC ROSSETI,1-01-65018-D,0.09454,SUR,1,1,2024-07-16
FESH,TQBR,ДВМП ао,60.1,10,1.0,A,Т+: Акции и ДР - безадрес.,2,ДВ морское пароходство ПАО ао,,FNDT,EQIN,,0.01,60.33,SUR,2024-07-12,2951250000,RU0008992318,DVMP ao,1-03-00032-A,59.48,SUR,1,2,2024-07-16
FIVE,TQBR,FIVE-гдр,2798.0,1,0.0,N,Т+: Акции и ДР - безадрес.,1,ГДР X5 RetailGroup N.V.ORD SHS,,FNDT,EQIN,,0.5,2810.5,USD,2024-07-12,0,US98387E2054,GDR X5 RetailGroup N.V.ORD SHS,,2792.5,SUR,D,1,2024-07-16
FIXP,TQBR,FIXP-гдр,209.0,1,0.0,A,Т+: Акции и ДР - безадрес.,1,ГДР FixPrice Group PLC ORD SHS,,FNDT,EQIN,,0.1,211.1,USD,2024-07-12,0,US33835G2057,GDR FixPrice Group PLC ORD SHS,,208.5,SUR,D,1,2024-07-16
FLOT,TQBR,Совкомфлот,116.56,10,1.0,A,Т+: Акции и ДР - безадрес.,2,Совкомфлот ао,,FNDT,EQIN,,0.01,116.35,SUR,2024-07-12,2374993901,RU000A0JXNU8,Sovcomflot,1-01-10613-A,116.0,SUR,1,1,2024-07-16
GAZC,TQBR,ГАЗКОН-ао,659.0,10,10.0,A,Т+: Акции и ДР - безадрес.,0,ГАЗКОН (ПАО) ао,,FNDT,EQIN,,1.0,659.0,SUR,2024-07-12,225381601,RU000A0JQG86,Gazkon ao,1-01-09870-A,659.0,SUR,1,3,2024-07-16
GAZP,TQBR,ГАЗПРОМ ао,119.65,10,5.0,A,Т+: Акции и ДР - безадрес.,2,"""Газпром"" (ПАО) ао",,FNDT,EQIN,,0.01,119.99,SUR,2024-07-12,23673512900,RU0007661625,Gazprom,1-02-00028-A,119.4,SUR,1,1,2024-07-16
GAZS,TQBR,ГАЗ-сервис,839.0,10,10.0,A,Т+: Акции и ДР - безадрес.,0,ГАЗ-сервис (ПАО) ао,,FNDT,EQIN,,1.0,839.0,SUR,2024-07-12,206508967,RU000A0JQG78,Gaz-servis ao,1-01-09871-A,839.0,SUR,1,3,2024-07-16
GAZT,TQBR,ГАЗ-Тек ао,1739.0,10,100.0,A,Т+: Акции и ДР - безадрес.,1,ГАЗ-Тек ПАО ао,,FNDT,EQIN,,0.5,1739.0,SUR,2024-07-12,471428300,RU000A0JS199,GAZ-Tek PAO ao,1-01-12996-A,1739.0,SUR,1,3,2024-07-16
GCHE,TQBR,ЧеркизГ-ао,4444.0,1,0.01,A,Т+: Акции и ДР - безадрес.,1,Группа Черкизово ПАО-ао,,FNDT,EQIN,,0.5,4469.0,SUR,2024-07-12,42222042,RU000A0JL4R1,Cherkizovo Group ao,1-02-10797-A,4444.0,SUR,1,3,2024-07-16
GECO,TQBR,iГЕНЕТИКО,33.55,10,0.01,A,Т+: Акции и ДР - безадрес.,2,ЦГРМ ГЕНЕТИКО ао,,FNDT,EQIN,,0.01,34.12,SUR,2024-07-12,83000000,RU000A105BN4,GENETICO,1-01-87198-H,33.55,SUR,1,3,2024-07-16
GEMA,TQBR,iММЦБ ао,146.0,10,0.01,A,Т+: Акции и ДР - безадрес.,2,ПАО ММЦБ ао,,FNDT,EQIN,,0.05,146.35,SUR,2024-07-12,14929920,RU000A100GC7,IMCB PJSC,1-01-85932-H,146.0,SUR,1,3,2024-07-16
GEMC,TQBR,МКПАО ЮМГ,667.4,1,0.03721404,A,Т+: Акции и ДР - безадрес.,1,Юнайтед Медикал Груп ПАО,,FNDT,EQIN,,0.1,673.8,SUR,2024-07-12,90000000,RU000A107JE2,IPJSC UMG,1-01-16774-A,667.4,SUR,1,1,2024-07-16
GLTR,TQBR,GLTR-гдр,540.0,1,0.0,A,Т+: Акции и ДР - безадрес.,2,ГДР Globaltrans Invest ORD SHS,,FNDT,EQIN,,0.05,537.6,USD,2024-07-12,0,US37949E2046,GDR Globaltrans Inves ORD SHS,,536.0,SUR,D,1,2024-07-16
GMKN,TQBR,ГМКНорНик,125.26,10,0.01,A,Т+: Акции и ДР - безадрес.,2,"ГМК ""Нор.Никель"" ПАО ао",,FNDT,EQIN,,0.02,124.98,SUR,2024-07-12,15286339700,RU0007288411,NorNickel GMK,1-01-40155-F,125.54,SUR,1,1,2024-07-16
GTRK,TQBR,ГТМ ао,307.2,10,100.0,A,Т+: Акции и ДР - безадрес.,1,"ПАО ""ГТМ"" ао",,FNDT,EQIN,,0.1,313.5,SUR,2024-07-12,58462120,RU000A0ZYD22,GTM,1-01-84907-H,307.8,SUR,1,3,2024-07-16
HHRU,TQBR,iHHRU-адр,4715.0,1,0.0,A,Т+: Акции и ДР - безадрес.,0,АДР HeadHunter Group ORD SHS,,FNDT,EQIN,,1.0,4675.0,USD,2024-07-12,0,US42207L1061,ADR HeadHunter Group ORD SHS,,4715.0,SUR,D,1,2024-07-16
HIMCP,TQBR,Химпром ап,24.42,100,1.0,A,Т+: Акции и ДР - безадрес.,2,Химпром ПАО ап,,FNDT,EQIN,,0.02,24.56,SUR,2024-07-12,229631402,RU0009099006,Himprom ap,2-01-55076-D,24.46,SUR,2,3,2024-07-16
HNFG,TQBR,ХЭНДЕРСОН,669.5,1,50.0,A,Т+: Акции и ДР - безадрес.,1,ХЭНДЕРСОН ао,,FNDT,EQIN,,0.1,667.5,SUR,2024-07-12,40444445,RU000A106XF2,HENDERSON,1-01-03109-G,669.5,SUR,1,2,2024-07-16
HYDR,TQBR,РусГидро,0.6051,1000,1.0,A,Т+: Акции и ДР - безадрес.,4,"ПАО ""РусГидро""",,FNDT,EQIN,,0.0001,0.6085,SUR,2024-07-12,444793377038,RU000A0JPKH7,RusGidro,1-01-55038-E,0.6062,SUR,1,1,2024-07-16
IGST,TQBR,Ижсталь2ао,9120.0,1,1000.0,A,Т+: Акции и ДР - безадрес.,0,Ижсталь ПАО ао 2в.,,FNDT,EQIN,,20.0,9200.0,SUR,2024-07-12,800729,RU0002155292,Izhstal 2ao,1-02-30078-D,9120.0,SUR,1,3,2024-07-16
IGSTP,TQBR,Ижсталь ап,6200.0,1,1000.0,A,Т+: Акции и ДР - безадрес.,0,Ижсталь ПАО ап,,FNDT,EQIN,,10.0,6210.0,SUR,2024-07-12,266910,RU0002155300,Izhstal ap,2-02-30078-D,6160.0,SUR,2,3,2024-07-16
INGR,TQBR,ИНГРАД ао,1483.0,1,1000.0,A,Т+: Акции и ДР - безадрес.,0,ИНГРАД ПАО ао,,FNDT,EQIN,,1.0,1489.0,SUR,2024-07-12,41220793,RU000A0DJ9B4,INGRAD,1-01-50020-A,1484.0,SUR,1,3,2024-07-16
IRAO,TQBR,ИнтерРАОао,3.75,100,2.809767,A,Т+: Акции и ДР - безадрес.,4,"""Интер РАО"" ПАО ао",,FNDT,EQIN,,0.0005,3.7425,SUR,2024-07-12,104400000000,RU000A0JPNM1,Inter RAO ao,1-04-33498-E,3.7435,SUR,1,1,2024-07-16
IRKT,TQBR,Яковлев-3,51.1,100,3.0,A,Т+: Акции и ДР - безадрес.,2,"""Яковлев"" ПАО ак.об.-3",,FNDT,EQIN,,0.05,51.1,SUR,2024-07-12,11686422311,RU0006752979,Yakovlev-3,1-03-00040-A,50.45,SUR,1,3,2024-07-16
IVAT,TQBR,iИВА,260.8,1,0.1,A,Т+: Акции и ДР - безадрес.,2,ПАО ИВА ао,,FNDT,EQIN,,0.05,260.6,SUR,2024-07-12,100000000,RU000A108GD8,PJSC IVA,1-01-10876-P,260.8,SUR,1,2,2024-07-16
JNOS,TQBR,Славн-ЯНОС,20.25,100,1.0,A,Т+: Акции и ДР - безадрес.,2,Славнефть-ЯНОС (ПАО) ао,,FNDT,EQIN,,0.05,20.15,SUR,2024-07-12,932654723,RU0009100895,Slavneft-JANOS,1-01-00199-A,20.25,SUR,1,3,2024-07-16
JNOSP,TQBR,Слав-ЯНОСп,13.08,100,1.0,A,Т+: Акции и ДР - безадрес.,2,Славнефть-ЯНОС (ПАО) ап,,FNDT,EQIN,,0.02,13.22,SUR,2024-07-12,310884574,RU0009101927,Slavneft-JANOS (pref),2-01-00199-A,13.08,SUR,2,3,2024-07-16
KAZT,TQBR,Куйбазот,562.0,10,1.0,A,Т+: Акции и ДР - безадрес.,1,Куйбышевазот ПАО ао,,FNDT,EQIN,,0.2,553.8,SUR,2024-07-12,234147999,RU000A0B9BV2,Kuib.Azot ao,1-01-00067-A,562.0,SUR,1,3,2024-07-16
KAZTP,TQBR,Куйбазот-п,540.0,10,1.0,A,Т+: Акции и ДР - безадрес.,1,Куйбышевазот ПАО ап,,FNDT,EQIN,,0.5,538.5,SUR,2024-07-12,3696506,RU000A0B9BW0,Kuibishevazot ap,2-01-00067-A,541.0,SUR,2,3,2024-07-16
KBSB,TQBR,ТНСэКубань,451.5,10,0.56,A,Т+: Акции и ДР - безадрес.,1,ТНС энерго Кубань ПАО ао,,FNDT,EQIN,,0.5,454.0,SUR,2024-07-12,17869440,RU000A0JNJ11,TNS energo Kuban Company,1-01-55218-E,451.5,SUR,1,3,2024-07-16
KCHE,TQBR,КамчатЭ ао,0.654,10000,0.1,A,Т+: Акции и ДР - безадрес.,3,Камчатскэнерго ПАО ао,,FNDT,EQIN,,0.001,0.655,SUR,2024-07-12,58294409860,RU0006753498,Kamchatskenergo,1-02-00235-A,0.654,SUR,1,3,2024-07-16
KCHEP,TQBR,КамчатЭ ап,1.055,10000,0.1,A,Т+: Акции и ДР - безадрес.,3,Камчатскэнерго ПАО ап,,FNDT,EQIN,,0.005,1.075,SUR,2024-07-12,183062052,RU0006753480,Kamchatskenergo (pref),2-02-00235-A,1.055,SUR,2,3,2024-07-16
KGKC,TQBR,КурганГКао,46.6,10,7.2,A,Т+: Акции и ДР - безадрес.,1,Курганская генер.комп.ПАО ао,,FNDT,EQIN,,0.2,46.0,SUR,2024-07-12,122453406,RU000A0JP120,Kurganskaja Gener.Kompanija,1-01-55226-E,46.2,SUR,1,3,2024-07-16
KGKCP,TQBR,КурганГКап,56.6,10,7.2,A,Т+: Акции и ДР - безадрес.,1,Курганская генер. комп. ПАО ап,,FNDT,EQIN,,0.2,56.4,SUR,2024-07-12,14393052,RU000A0JP138,Kurganskaja Gener.Kompanija ap,2-01-55226-E,56.6,SUR,2,3,2024-07-16
KLSB,TQBR,КалужскСК,23.91,100,0.2,A,Т+: Акции и ДР - безадрес.,2,"ао""Калужская сбыт.комп.""ПАО",,FNDT,EQIN,,0.01,23.94,SUR,2024-07-12,91487347,RU000A0DKZK3,Kalugsk. Sbyt. Company ao,1-01-65057-D,23.91,SUR,1,3,2024-07-16
KLVZ,TQBR,Кристалл,6.252,100,0.01,A,Т+: Акции и ДР - безадрес.,3,Алкогольная Группа Кристалл,,FNDT,EQIN,,0.002,6.23,SUR,2024-07-12,921052700,RU000A107KX0,KLVZ KRISTALL,1-01-05421-G,6.252,SUR,1,3,2024-07-16
KMAZ,TQBR,КАМАЗ,141.3,10,50.0,A,Т+: Акции и ДР - безадрес.,1,КАМАЗ ПАО,,FNDT,EQIN,,0.1,139.8,SUR,2024-07-12,707229559,RU0008959580,KAMAZ,1-08-55010-D,139.6,SUR,1,2,2024-07-16
KMEZ,TQBR,КМЗ,1380.0,1,250.0,A,Т+: Акции и ДР - безадрес.,0,Ковровский механический завод,,FNDT,EQIN,,2.0,1400.0,SUR,2024-07-12,3764600,RU0006753613,Kovrov Mech. Zavod,1-02-05376-A,1380.0,SUR,1,3,2024-07-16
KOGK,TQBR,КоршГОК ао,42600.0,1,1.0,A,Т+: Акции и ДР - безадрес.,0,Коршуновский ГОК ПАО ао,,FNDT,EQIN,,200.0,44200.0,SUR,2024-07-12,250126,RU0002155359,Korshunovskii GOK,1-01-20992-F,43000.0,SUR,1,3,2024-07-16
KRKN,TQBR,СаратНПЗ,10450.0,1,1.0,A,Т+: Акции и ДР - безадрес.,0,Саратовский НПЗ ПАО ао,,FNDT,EQIN,,50.0,10500.0,SUR,2024-07-12,748012,RU0009100408,Saratovskiy NPZ ao,1-01-00248-A,10450.0,SUR,1,3,2024-07-16
KRKNP,TQBR,СаратНПЗ-п,9460.0,1,1.0,A,Т+: Акции и ДР - безадрес.,0,Саратовский НПЗ ПАО ап,,FNDT,EQIN,,20.0,9480.0,SUR,2024-07-12,249337,RU0009100416,Saratovskiy NPZ ap,2-01-00248-A,9460.0,SUR,2,3,2024-07-16
KRKOP,TQBR,ТКЗКК ап,13.26,100,1.0,A,Т+: Акции и ДР - безадрес.,2,ТКЗ Красный котельщик ПАО ап,,FNDT,EQIN,,0.02,13.22,SUR,2024-07-12,71086000,RU0009098131,TKZ Krasny Kotelshchik ap,2-01-30301-E,13.26,SUR,2,3,2024-07-16
KROT,TQBR,КрасОкт-ао,2082.0,10,1.0,A,Т+: Акции и ДР - безадрес.,0,"""КрасныйОктябрь"" ПАО - ао",,FNDT,EQIN,,1.0,2093.0,SUR,2024-07-12,9217583,RU0008913850,KrasnyiOctyabr,1-02-00060-A,2082.0,SUR,1,3,2024-07-16
KROTP,TQBR,КрасОкт-1п,704.0,10,1.0,A,Т+: Акции и ДР - безадрес.,0,КрасныйОктябрь-1п,,FNDT,EQIN,,1.0,714.0,SUR,2024-07-12,1474549,RU0008913868,KrasnyiOctabr-1(pr),2-01-00060-A,704.0,SUR,2,3,2024-07-16
KRSB,TQBR,Красэсб ао,15.28,100,0.02,A,Т+: Акции и ДР - безадрес.,2,Красноярскэнергосбыт ао,,FNDT,EQIN,,0.02,15.46,SUR,2024-07-12,596039612,RU000A0HMLY1,Krashojarskenergosbyt,1-01-55147-E,15.28,SUR,1,3,2024-07-16
KRSBP,TQBR,Красэсб ап,15.3,100,0.02,A,Т+: Акции и ДР - безадрес.,2,Красноярскэнергосбыт ап,,FNDT,EQIN,,0.02,15.56,SUR,2024-07-12,168993328,RU000A0HMLZ8,Krashojarskenergosbyt pref.,2-01-55147-E,15.32,SUR,2,3,2024-07-16
KUBE,TQBR,РСетКубань,282.0,10,100.0,A,Т+: Акции и ДР - безадрес.,1,"""Россети Кубань"" ПАО",,FNDT,EQIN,,0.2,281.4,SUR,2024-07-12,334657837,RU0009046767,Rosseti Kuban,1-02-00063-A,282.0,SUR,1,3,2024-07-16
KUZB,TQBR,КузнецкийБ,0.04395,10000,0.01,A,Т+: Акции и ДР - безадрес.,5,"Банк ""Кузнецкий"" ПАО ао",,FNDT,EQIN,,5e-05,0.04375,SUR,2024-07-12,22503490875,RU000A0JSQ66,"Bank ""Kuzneckiy""",10100609B,0.0438,SUR,1,3,2024-07-16
KZOS,TQBR,ОргСинт ао,96.2,10,1.0,A,Т+: Акции и ДР - безадрес.,1,"ПАО ""Органический синтез"" ао",,FNDT,EQIN,,0.1,96.4,SUR,2024-07-12,1785114000,RU0009089825,PAO Organicheskiy Sintez ao,1-02-55245-D,96.2,SUR,1,3,2024-07-16
KZOSP,TQBR,ОргСинт ап,22.62,10,1.0,A,Т+: Акции и ДР - безадрес.,2,"ПАО ""Органический синтез"" ап",,FNDT,EQIN,,0.01,22.87,SUR,2024-07-12,119596000,RU0006753456,PAO Organicheskiy Sintez ap,2-02-55245-D,22.62,SUR,2,3,2024-07-16
LEAS,TQBR,Европлан,883.2,1,1.0,A,Т+: Акции и ДР - безадрес.,1,ПАО «ЛК «Европлан»,,FNDT,EQIN,,0.1,878.7,SUR,2024-07-12,120000000,RU000A0ZZFS9,Europlan,1-01-16419-A,878.2,SUR,1,1,2024-07-16
LENT,TQBR,Лента ао,1041.5,1,0.0912632,A,Т+: Акции и ДР - безадрес.,1,Лента МКПАО ао,,FNDT,EQIN,,0.5,1062.5,SUR,2024-07-12,115985197,RU000A102S15,Lenta IPJSC ORD SHS,1-01-16686-A,1041.5,SUR,1,1,2024-07-16
LKOH,TQBR,ЛУКОЙЛ,6908.0,1,0.025,A,Т+: Акции и ДР - безадрес.,1,НК ЛУКОЙЛ (ПАО) - ао,,FNDT,EQIN,,0.5,6900.0,SUR,2024-07-12,692865762,RU0009024277,LUKOIL,1-01-00077-A,6867.0,SUR,1,1,2024-07-16
LNZL,TQBR,Лензолото,13460.0,1,1.0,A,Т+: Акции и ДР - безадрес.,0,"""Лензолото"" ПАО ао",,FNDT,EQIN,,10.0,13540.0,SUR,2024-07-12,1140300,RU000A0JP1N2,Lenzoloto,1-02-40433-N,13470.0,SUR,1,3,2024-07-16
LNZLP,TQBR,Лензол. ап,2145.0,1,1.0,A,Т+: Акции и ДР - безадрес.,0,"""Лензолото"" ПАО ап",,FNDT,EQIN,,5.0,2170.0,SUR,2024-07-12,347700,RU000A0JP1P7,Lenzoloto pref.,2-02-40433-N,2145.0,SUR,2,3,2024-07-16
LSNG,TQBR,РСетиЛЭ,15.94,100,1.0,A,Т+: Акции и ДР - безадрес.,2,Россети Ленэнерго ПАО-ао,,FNDT,EQIN,,0.01,16.08,SUR,2024-07-12,8523785320,RU0009034490,Rosseti LenEnrg,1-01-00073-A,15.94,SUR,1,3,2024-07-16
LSNGP,TQBR,РСетиЛЭ-п,208.65,10,1.0,A,Т+: Акции и ДР - безадрес.,2,Россети Ленэнерго ПАО-ап,,FNDT,EQIN,,0.05,207.0,SUR,2024-07-12,93264311,RU0009092134,Rosseti LenEnrg (pref),2-01-00073-A,208.65,SUR,2,3,2024-07-16
LSRG,TQBR,ЛСР ао,716.2,1,0.25,A,Т+: Акции и ДР - безадрес.,1,Группа ЛСР ПАО ао,,FNDT,EQIN,,0.2,715.4,SUR,2024-07-12,103030215,RU000A0JPFP0,LSR,1-01-55234-E,716.2,SUR,1,1,2024-07-16
LVHK,TQBR,Левенгук,40.0,100,10.0,A,Т+: Акции и ДР - безадрес.,2,Левенгук ПАО ао,,FNDT,EQIN,,0.05,40.0,SUR,2024-07-12,52940000,RU000A0JT7Y2,Levenguk ao,1-01-04329-D,40.0,SUR,1,3,2024-07-16
MAGE,TQBR,МагадЭн ао,4.3,100,1.0,A,Т+: Акции и ДР - безадрес.,2,"""Магаданэнерго"" ПАО ао",,FNDT,EQIN,,0.01,4.46,SUR,2024-07-12,463838268,RU0006758919,Magadanenergo ao,1-01-00254-A,4.3,SUR,1,3,2024-07-16
MAGEP,TQBR,МагадЭн ап,3.02,100,1.0,A,Т+: Акции и ДР - безадрес.,2,"""Магаданэнерго"" ПАО ап",,FNDT,EQIN,,0.01,3.12,SUR,2024-07-12,145673254,RU0006758893,Magadanenergo ap,2-01-00254-A,3.03,SUR,2,3,2024-07-16
MAGN,TQBR,ММК,52.26,10,1.0,A,Т+: Акции и ДР - безадрес.,3,"""Магнитогорск.мет.комб"" ПАО ао",,FNDT,EQIN,,0.005,51.83,SUR,2024-07-12,11174330000,RU0009084396,MMK,1-03-00078-A,51.95,SUR,1,1,2024-07-16
MBNK,TQBR,МТС Банк,1862.0,1,500.0,A,Т+: Акции и ДР - безадрес.,1,МТС-Банк ао,,FNDT,EQIN,,0.5,1837.0,SUR,2024-07-12,34629063,RU000A0JRH43,MTS Bank,10102268B,1862.0,SUR,1,1,2024-07-16
MDMG,TQBR,MDMG-ао,827.6,1,7.16872,A,Т+: Акции и ДР - безадрес.,1,МКПАО «МД Медикал Груп»,,FNDT,EQIN,,0.1,824.5,SUR,2024-07-12,75125010,RU000A108KL3,MD Medical Group IPJSC,1-01-16802-A,827.6,SUR,1,1,2024-07-16
MFGS,TQBR,Мегион-ао,391.0,10,25.0,A,Т+: Акции и ДР - безадрес.,1,"ао ""Славнефть-Мегионнефтегаз""",,FNDT,EQIN,,0.5,395.5,SUR,2024-07-12,99474705,RU0009011126,Megion,1-03-00149-A,391.0,SUR,1,3,2024-07-16
MFGSP,TQBR,Мегион-ап,258.0,10,25.0,A,Т+: Акции и ДР - безадрес.,1,ап Мегионнефтегаз,,FNDT,EQIN,,0.5,254.0,SUR,2024-07-12,33056875,RU0009011134,Megion (pref),2-03-00149-A,258.5,SUR,2,3,2024-07-16
MGKL,TQBR,МГКЛ,2.3315,100,0.01,A,Т+: Акции и ДР - безадрес.,4,МГКЛ ао,,FNDT,EQIN,,0.0005,2.3425,SUR,2024-07-12,1268545000,RU000A0JVJQ8,MGKL,1-01-11915-A,2.337,SUR,1,3,2024-07-16
MGNT,TQBR,Магнит ао,6215.0,1,0.01,A,Т+: Акции и ДР - безадрес.,1,"""Магнит"" ПАО ао",,FNDT,EQIN,,0.5,6201.0,SUR,2024-07-12,101911355,RU000A0JKQU8,Magnit,1-01-60525-P,6188.5,SUR,1,3,2024-07-16
MGNZ,TQBR,СМЗ-ао,7440.0,1,0.25,A,Т+: Акции и ДР - безадрес.,0,Соликамский магн.завод(ОАО)ао,,FNDT,EQIN,,10.0,7330.0,SUR,2024-07-12,398272,RU0009100911,SMZ,1-01-00283-A,7440.0,SUR,1,3,2024-07-16
MGTS,TQBR,МГТС-5ао,1375.0,1,40.0,A,Т+: Акции и ДР - безадрес.,0,"ПАО ""МГТС"" ао (5 в)",,FNDT,EQIN,,5.0,1380.0,SUR,2024-07-12,79708751,RU0009036461,MGTS-5,1-05-00083-A,1385.0,SUR,1,3,2024-07-16
MGTSP,TQBR,МГТС-4ап,996.0,1,40.0,A,Т+: Акции и ДР - безадрес.,0,"ПАО ""МГТС"" ап (4 в)",,FNDT,EQIN,,2.0,1004.0,SUR,2024-07-12,15514042,RU0009036479,MGTS-4,2-04-00083-A,996.0,SUR,2,3,2024-07-16
MISB,TQBR,ТНСэнМарЭл,63.3,100,0.1,A,Т+: Акции и ДР - безадрес.,1,ТНС энерго Марий Эл ПАО ао,,FNDT,EQIN,,0.1,63.4,SUR,2024-07-12,121847780,RU000A0D8K33,TNS energo Mariy El ao,1-01-50086-A,63.3,SUR,1,3,2024-07-16
MISBP,TQBR,ТНСэМаЭл-п,59.8,100,0.1,A,Т+: Акции и ДР - безадрес.,1,ТНС энерго Марий Эл ПАО ап,,FNDT,EQIN,,0.1,59.4,SUR,2024-07-12,10652220,RU000A0D8K41,TNS energo Mariy El (pref),2-01-50086-A,59.8,SUR,2,3,2024-07-16
MOEX,TQBR,МосБиржа,227.88,10,1.0,A,Т+: Акции и ДР - безадрес.,2,ПАО Московская Биржа,,FNDT,EQIN,,0.01,226.27,SUR,2024-07-12,2276401458,RU000A0JR4A1,MoscowExchange,1-05-08443-H,225.99,SUR,1,1,2024-07-16
MRKC,TQBR,РоссЦентр,0.4492,1000,0.1,A,Т+: Акции и ДР - безадрес.,4,"ПАО ""Россети Центр"" ао",,FNDT,EQIN,,0.0002,0.453,SUR,2024-07-12,42217941468,RU000A0JPPL8,Rosseti Centr,1-01-10214-A,0.4492,SUR,1,2,2024-07-16
MRKK,TQBR,Россети СК,19.0,10,1.0,A,Т+: Акции и ДР - безадрес.,2,Россети Сев. Кавказ ао,,FNDT,EQIN,,0.02,19.82,SUR,2024-07-12,2093354170,RU000A0JPPQ7,Rosseti Severnyy Kavkaz ao,1-01-34747-E,19.0,SUR,1,3,2024-07-16
MRKP,TQBR,РСетиЦП ао,0.2896,10000,0.1,A,Т+: Акции и ДР - безадрес.,4,Россети Центр и Приволжье ао,,FNDT,EQIN,,0.0001,0.2868,SUR,2024-07-12,112697817043,RU000A0JPN96,Rosseti Centr i Privoljye ao,1-01-12665-E,0.2896,SUR,1,2,2024-07-16
MRKS,TQBR,РсетСиб ао,0.5785,10000,0.1,A,Т+: Акции и ДР - безадрес.,4,Россети Сибирь ао,,FNDT,EQIN,,0.0005,0.592,SUR,2024-07-12,94815163249,RU000A0JPPF0,Rosseti Sibir,1-01-12044-F,0.5785,SUR,1,2,2024-07-16
MRKU,TQBR,Россети Ур,0.4224,10000,0.1,A,Т+: Акции и ДР - безадрес.,4,Россети Урал (ПАО) ао,,FNDT,EQIN,,0.0002,0.4216,SUR,2024-07-12,87430485711,RU000A0JPPT1,Rosseti Ural ao,1-01-32501-D,0.4224,SUR,1,2,2024-07-16
MRKV,TQBR,РсетВол ао,0.06185,10000,0.1,A,Т+: Акции и ДР - безадрес.,5,Россети Волга ао,,FNDT,EQIN,,5e-05,0.06035,SUR,2024-07-12,188307958732,RU000A0JPPN4,Rosseti Volga,1-01-04247-E,0.06185,SUR,1,2,2024-07-16
MRKY,TQBR,РоссЮг ао,0.0642,10000,0.1,A,Т+: Акции и ДР - безадрес.,5,Россети Юг  (ПАО) ао,,FNDT,EQIN,,5e-05,0.0652,SUR,2024-07-12,151641426354,RU000A0JPPG8,Rosseti South ao,1-01-34956-E,0.0642,SUR,1,3,2024-07-16
MRKZ,TQBR,РСетиСЗ ао,0.0667,10000,0.1,A,Т+: Акции и ДР - безадрес.,5,ПАО Россети Северо-Запад ао,,FNDT,EQIN,,5e-05,0.0684,SUR,2024-07-12,95785923138,RU000A0JPPB9,Rosseti Severo-Zapad,1-01-03347-D,0.0667,SUR,1,2,2024-07-16
MRSB,TQBR,МордЭнСб,0.846,10000,0.0136,A,Т+: Акции и ДР - безадрес.,3,Мордовск.энергсбыт.комп.ПАО ао,,FNDT,EQIN,,0.001,0.845,SUR,2024-07-12,1345037710,RU000A0D9AJ7,Mordovskaya EnergoSbyt Comp.,1-01-55055-E,0.846,SUR,1,3,2024-07-16
MSNG,TQBR,+МосЭнерго,2.546,1000,1.0,A,Т+: Акции и ДР - безадрес.,4,МосЭнерго акции обыкн.,,FNDT,EQIN,,0.0005,2.5605,SUR,2024-07-12,39749359700,RU0008958863,MosEnrg,1-01-00085-A,2.5315,SUR,1,1,2024-07-16
MSRS,TQBR,РСетиМР ао,1.1095,1000,0.5,A,Т+: Акции и ДР - безадрес.,4,ПАО Россети Моск.рег. ао,,FNDT,EQIN,,0.0005,1.094,SUR,2024-07-12,48707091574,RU000A0ET7Y7,Rosseti Moscow Region,1-01-65116-D,1.1095,SUR,1,2,2024-07-16
MSTT,TQBR,Мостотрест,161.35,10,0.14,A,Т+: Акции и ДР - безадрес.,2,"ПАО ""МОСТОТРЕСТ"" ао",,FNDT,EQIN,,0.05,162.4,SUR,2024-07-12,282215500,RU0009177331,Mostotrest,1-03-02472-A,161.35,SUR,1,3,2024-07-16
MTLR,TQBR,Мечел ао,188.2,1,10.0,A,Т+: Акции и ДР - безадрес.,2,Мечел ПАО ао,,FNDT,EQIN,,0.01,187.68,SUR,2024-07-12,416270745,RU000A0DKXV5,Mechel,1-01-55005-E,187.3,SUR,1,1,2024-07-16
MTLRP,TQBR,Мечел ап,202.25,10,10.0,A,Т+: Акции и ДР - безадрес.,2,Мечел ПАО ап,,FNDT,EQIN,,0.05,202.95,SUR,2024-07-12,138756915,RU000A0JPV70,Mechel pref.,2-01-55005-E,202.1,SUR,2,1,2024-07-16
MTSS,TQBR,МТС-ао,270.45,10,0.1,A,Т+: Акции и ДР - безадрес.,2,Мобильные ТелеСистемы ПАО ао,,FNDT,EQIN,,0.05,271.3,SUR,2024-07-12,1998381575,RU0007775219,MTS,1-01-04715-A,271.5,SUR,1,1,2024-07-16
MVID,TQBR,М.видео,145.2,1,10.0,A,Т+: Акции и ДР - безадрес.,1,"""М.видео"" ПАО ао",,FNDT,EQIN,,0.1,145.1,SUR,2024-07-12,179768227,RU000A0JPGA0,M.video,1-02-11700-A,144.3,SUR,1,1,2024-07-16
NAUK,TQBR,iНПОНаука,523.5,10,0.2,A,Т+: Акции и ДР - безадрес.,1,НПО Наука ао,,FNDT,EQIN,,0.5,518.5,SUR,2024-07-12,11789500,RU000A0JRPX9,NPO Nauka ao,1-01-04440-A,523.5,SUR,1,3,2024-07-16
NFAZ,TQBR,НЕФАЗ,357.0,10,1.0,A,Т+: Акции и ДР - безадрес.,1,НЕФАЗ ПАО ао,,FNDT,EQIN,,0.5,360.5,SUR,2024-07-12,8038896,RU0009115604,NEFAZ PAO ao,1-01-30520-D,357.0,SUR,1,3,2024-07-16
NKHP,TQBR,НКХП ао,756.0,10,1.0,A,Т+: Акции и ДР - безадрес.,1,НКХП ПАО ао,,FNDT,EQIN,,0.5,788.0,SUR,2024-07-12,67597000,RU000A0BLWD7,NKHP ao,1-03-35684-E,756.0,SUR,1,3,2024-07-16
NKNC,TQBR,НКНХ ао,89.25,10,1.0,A,Т+: Акции и ДР - безадрес.,2,"""Нижнекамскнефтехим"" ПАО ао",,FNDT,EQIN,,0.05,89.05,SUR,2024-07-12,1611256000,RU0009100507,Niznekamskneftekhim ao,1-02-00096-A,89.25,SUR,1,3,2024-07-16
NKNCP,TQBR,НКНХ ап,68.88,10,1.0,A,Т+: Акции и ДР - безадрес.,2,"""Нижнекамскнефтехим"" ПАО ап",,FNDT,EQIN,,0.02,68.92,SUR,2024-07-12,218983750,RU0006765096,Niznekamskneftekhim (pref),2-02-00096-A,68.76,SUR,2,3,2024-07-16
NKSH,TQBR,Нижкамшина,51.8,100,1.0,A,Т+: Акции и ДР - безадрес.,2,Нижнекамскшина ПАО ао,,FNDT,EQIN,,0.05,52.05,SUR,2024-07-12,63731171,RU0009100515,Nizhnekamskshina ao,1-02-55032-D,51.8,SUR,1,3,2024-07-16
NLMK,TQBR,НЛМК ао,169.82,10,1.0,A,Т+: Акции и ДР - безадрес.,2,"ПАО ""НЛМК"" ао",,FNDT,EQIN,,0.02,167.98,SUR,2024-07-12,5993227240,RU0009046452,NLMK ao,1-01-00102-A,167.52,SUR,1,1,2024-07-16
NMTP,TQBR,НМТП ао,8.545,100,0.01,A,Т+: Акции и ДР - безадрес.,3,НМТП (ПАО) ао,,FNDT,EQIN,,0.005,8.55,SUR,2024-07-12,19259815400,RU0009084446,NMTP,1-01-30251-E,8.495,SUR,1,3,2024-07-16
NNSB,TQBR,ТНСэнНН ао,4740.0,1,11.88,A,Т+: Акции и ДР - безадрес.,0,ТНС энерго Нижний Новг.ПАО ао,,FNDT,EQIN,,10.0,4720.0,SUR,2024-07-12,3919400,RU000A0ET5A1,TNS energo Nizhniy-Novgorod ao,1-01-55072-E,4740.0,SUR,1,3,2024-07-16
NNSBP,TQBR,ТНСэнНН ап,1414.0,1,11.88,A,Т+: Акции и ДР - безадрес.,0,ТНС энерго Нижний Новг.ПАО ап,,FNDT,EQIN,,2.0,1424.0,SUR,2024-07-12,1063512,RU000A0ET5B9,TNS energo Nizhniy Novg. pref,2-01-55072-E,1414.0,SUR,2,3,2024-07-16
NSVZ,TQBR,iНаукаСвяз,379.0,10,1.0,A,Т+: Акции и ДР - безадрес.,1,Наука-Связь ПАО ао,,FNDT,EQIN,,0.5,382.0,SUR,2024-07-12,15701562,RU000A0JQLB6,Nauka-Svyaz ao,1-01-12689-A,378.5,SUR,1,3,2024-07-16
NVTK,TQBR,Новатэк ао,1024.8,1,0.1,A,Т+: Акции и ДР - безадрес.,1,"ПАО ""НОВАТЭК"" ао",,FNDT,EQIN,,0.2,1032.2,SUR,2024-07-12,3036306000,RU000A0DKVS5,NOVATEK,1-02-00268-E,1022.0,SUR,1,1,2024-07-16
OGKB,TQBR,ОГК-2 ао,0.442,1000,0.3627,A,Т+: Акции и ДР - безадрес.,4,ОГК-2 ПАО ао,,FNDT,EQIN,,0.0001,0.4449,SUR,2024-07-12,110441160870,RU000A0JNG55,OGK-2,1-02-65105-D,0.4414,SUR,1,2,2024-07-16
OKEY,TQBR,OKEY-гдр,26.01,10,0.0,A,Т+: Акции и ДР - безадрес.,2,ГДР OKEY Group S.A. ORD SHS,,FNDT,EQIN,,0.01,26.38,USD,2024-07-12,0,US6708662019,GDR OKEY Group ORD SHS,,26.01,SUR,D,2,2024-07-16
OMZZP,TQBR,ОМЗ-ап,15720.0,1,0.1,A,Т+: Акции и ДР - безадрес.,0,"ап""Объединён.  маш. заводы""",,FNDT,EQIN,,20.0,15840.0,SUR,2024-07-12,2750000,RU0009090559,OMZ (pref),2-01-30174-D,15720.0,SUR,2,3,2024-07-16
OZON,TQBR,OZON-адр,3841.5,1,0.0,A,Т+: Акции и ДР - безадрес.,1,АДР Ozon Holdings PLC ORD SHS,,FNDT,EQIN,,0.5,3804.5,USD,2024-07-12,0,US69269L1044,ADS Ozon Holdings PLC ORD SHS,,3812.5,SUR,D,1,2024-07-16
PHOR,TQBR,ФосАгро ао,5546.0,1,2.5,A,Т+: Акции и ДР - безадрес.,0,ФосАгро ПАО ао,,FNDT,EQIN,,1.0,5546.0,SUR,2024-07-12,129500000,RU000A0JRKT8,PhosAgro ao,1-02-06556-A,5533.0,SUR,1,1,2024-07-16
PIKK,TQBR,ПИК ао,867.0,1,62.5,A,Т+: Акции и ДР - безадрес.,1,ПИК СЗ (ПАО) ао,,FNDT,EQIN,,0.1,853.9,SUR,2024-07-12,660497344,RU000A0JP7J7,PIK SZ,1-02-01556-A,858.8,SUR,1,1,2024-07-16
PLZL,TQBR,Полюс,12300.0,1,1.0,A,Т+: Акции и ДР - безадрес.,1,Полюс ПАО ао,,FNDT,EQIN,,0.5,12207.0,SUR,2024-07-12,136069400,RU000A0JNAA8,Polus,1-01-55192-E,12290.5,SUR,1,1,2024-07-16
PMSB,TQBR,ПермьЭнСб,201.1,10,3.25,A,Т+: Акции и ДР - безадрес.,1,"""Пермэнергосбыт"" ПАО ао",,FNDT,EQIN,,0.1,203.7,SUR,2024-07-12,36210960,RU000A0ET123,Perm' EnergoSbyt,1-01-55084-E,200.9,SUR,1,3,2024-07-16
PMSBP,TQBR,ПермьЭнС-п,208.4,10,3.25,A,Т+: Акции и ДР - безадрес.,1,"""Пермэнергосбыт"" ПАО ап",,FNDT,EQIN,,0.2,209.0,SUR,2024-07-12,11353500,RU000A0ET156,Perm' EnergoSbyt (pref),2-01-55084-E,208.4,SUR,2,3,2024-07-16
POLY,TQBR,Solidcore,203.6,1,0.03,A,Т+: Акции и ДР - безадрес.,1,Solidcore Resources plc,,FNDT,EQIN,,0.1,204.3,USD,2024-07-12,528734657,JE00B6T5S470,Solidcore Resources plc,,204.5,SUR,1,3,2024-07-16
POSI,TQBR,iПозитив,3047.8,1,0.5,A,Т+: Акции и ДР - безадрес.,1,Группа Позитив ао,,FNDT,EQIN,,0.2,3003.6,SUR,2024-07-12,66000000,RU000A103X66,PJSC Positive Group,1-01-85307-H,3004.6,SUR,1,1,2024-07-16
PRFN,TQBR,ЧЗПСН ао,4.37,100,0.1,A,Т+: Акции и ДР - безадрес.,3,ЧЗПСН-Профнастил (ПАО) ао,,FNDT,EQIN,,0.002,4.394,SUR,2024-07-12,838287450,RU000A0JNXF9,CZPSN-Profnasteel,1-01-45194-D,4.37,SUR,1,3,2024-07-16
PRMB,TQBR,Приморье,32800.0,1,1000.0,A,Т+: Акции и ДР - безадрес.,0,"АКБ ""Приморье"" ао",,FNDT,EQIN,,200.0,32800.0,SUR,2024-07-12,250000,RU000A0DPNQ5,AKB Primorye,10103001B,32800.0,SUR,1,3,2024-07-16
PRMD,TQBR,ПРОМОМЕД,407.0,1,1.0,A,Т+: Акции и ДР - безадрес.,2,ПРОМОМЕД,,FNDT,EQIN,,0.05,400.0,SUR,2024-07-12,200000000,RU000A108JF7,PROMOMED,1-01-01622-G,407.0,SUR,1,2,2024-07-16
QIWI,TQBR,iQIWI,147.4,1,0.0,A,Т+: Акции и ДР - безадрес.,1,QIWI PLC,,FNDT,EQIN,,0.2,149.6,USD,2024-07-12,0,US74735M1080,QIWI PLC,,147.6,SUR,D,3,2024-07-16
RASP,TQBR,Распадская,296.05,10,0.004,A,Т+: Акции и ДР - безадрес.,2,ПАО Распадская ао,,FNDT,EQIN,,0.05,295.8,SUR,2024-07-12,665733918,RU000A0B90N8,Raspadskaya,1-04-21725-N,293.1,SUR,1,2,2024-07-16
RBCM,TQBR,ГК РБК ао,16.966,100,0.00064,A,Т+: Акции и ДР - безадрес.,3,ГК РБК ПАО ао,,FNDT,EQIN,,0.002,17.064,SUR,2024-07-12,365631010,RU000A0JR6A6,GK RBK ao,1-02-56413-H,16.966,SUR,1,3,2024-07-16
RDRB,TQBR,РДБанк ао,170.0,10,124.0,A,Т+: Акции и ДР - безадрес.,1,РоссийскийДорож Банк ПАО ао,,FNDT,EQIN,,0.5,172.0,SUR,2024-07-12,21472741,RU000A0JU6Q7,RosDor Bank ao,10201573B,170.5,SUR,1,3,2024-07-16
RENI,TQBR,Ренессанс,92.14,10,9.88,A,Т+: Акции и ДР - безадрес.,2,Ренессанс Страхование ао,,FNDT,EQIN,,0.02,90.26,SUR,2024-07-12,556952780,RU000A0ZZM04,Renaissance Insurance,1-01-10601-Z,92.14,SUR,1,1,2024-07-16
RGSS,TQBR,РГС СК ао,0.2498,1000,0.03,A,Т+: Акции и ДР - безадрес.,4,Росгосстрах СК ПАО ао,,FNDT,EQIN,,0.0002,0.2512,SUR,2024-07-12,489503740915,RU0008010855,Rosgosstrakh ao,1-03-10003-Z,0.2498,SUR,1,3,2024-07-16
RKKE,TQBR,ЭнергияРКК,20240.0,1,1000.0,A,Т+: Акции и ДР - безадрес.,0,РКК Энергия им.С.П.Королева ао,,FNDT,EQIN,,10.0,20250.0,SUR,2024-07-12,1807401,RU0009095939,RKK Energia,1-03-01091-A,20230.0,SUR,1,3,2024-07-16
RNFT,TQBR,РуссНфт ао,169.8,1,0.5,A,Т+: Акции и ДР - безадрес.,1,РуссНефть НК ПАО ао,,FNDT,EQIN,,0.1,169.5,SUR,2024-07-12,294120000,RU000A0JSE60,RussNeft NK,1-02-39134-H,167.9,SUR,1,1,2024-07-16
ROLO,TQBR,Русолово,0.8166,1000,0.1,A,Т+: Акции и ДР - безадрес.,4,"""Русолово"" ПАО ао",,FNDT,EQIN,,0.0002,0.8234,SUR,2024-07-12,30001000000,RU000A0JU1B0,Rusolovo PAO ao,1-01-15065-A,0.8166,SUR,1,3,2024-07-16
ROSB,TQBR,Росбанк ао,101.0,10,10.0,A,Т+: Акции и ДР - безадрес.,1,РОСБАНК ПАО ао,,FNDT,EQIN,,0.2,101.8,SUR,2024-07-12,1551401853,RU000A0HHK26,ROSBANK,10102272B,101.0,SUR,1,3,2024-07-16
ROSN,TQBR,Роснефть,527.4,1,0.01,A,Т+: Акции и ДР - безадрес.,2,ПАО НК Роснефть,,FNDT,EQIN,,0.05,524.2,SUR,2024-07-12,10598177817,RU000A0J2Q06,Rosneft,1-02-00122-A,523.0,SUR,1,1,2024-07-16
ROST,TQBR,РОСИНТЕРао,152.0,10,169.7,A,Т+: Акции и ДР - безадрес.,1,РОСИНТЕР РЕСТОРАНТС (ПАО),,FNDT,EQIN,,0.2,150.2,SUR,2024-07-12,16305334,RU000A0JP922,ROSINTER RESTAURANTS ao,1-02-55033-E,152.0,SUR,1,3,2024-07-16
RTGZ,TQBR,ГР Ростов,36100.0,1,2000.0,A,Т+: Акции и ДР - безадрес.,0,Газпром газорасп Р-н-Д ПАО ао,,FNDT,EQIN,,100.0,35800.0,SUR,2024-07-12,120246,RU000A0JPG04,Gazprom gazorasp. Rostov ao,1-02-30742-E,36100.0,SUR,1,3,2024-07-16
RTKM,TQBR,Ростел -ао,84.81,10,0.0025,A,Т+: Акции и ДР - безадрес.,2,Ростелеком (ПАО) ао.,,FNDT,EQIN,,0.01,83.6,SUR,2024-07-12,3282997929,RU0008943394,Rostelecom,1-01-00124-A,82.78,SUR,1,1,2024-07-16
RTKMP,TQBR,Ростел -ап,74.3,10,0.0025,A,Т+: Акции и ДР - безадрес.,2,Ростелеком (ПАО) ап.,,FNDT,EQIN,,0.05,73.3,SUR,2024-07-12,209565147,RU0009046700,Rostelecom- (pref),2-01-00124-A,72.6,SUR,2,1,2024-07-16
RTSB,TQBR,ТНСэнРст,3.575,1000,0.02,A,Т+: Акции и ДР - безадрес.,3,ТНС энерго Ростов. ПАО ао,,FNDT,EQIN,,0.005,3.485,SUR,2024-07-12,8128764676,RU000A0D8PB4,TNS energo Rostov-na-Dony ao,1-01-50095-A,3.575,SUR,1,3,2024-07-16
RTSBP,TQBR,ТНСэнРст-п,1.808,1000,0.02,A,Т+: Акции и ДР - безадрес.,3,ТНС энерго Ростов. ПАО ап,,FNDT,EQIN,,0.002,1.82,SUR,2024-07-12,925737256,RU000A0D8PC2,TNS energo Rostov-na-Dony(prf),2-01-50095-A,1.806,SUR,2,3,2024-07-16
RUAL,TQBR,РУСАЛ ао,39.245,10,0.656517,A,Т+: Акции и ДР - безадрес.,3,РУСАЛ ОК МКПАО ао,,FNDT,EQIN,,0.005,39.68,SUR,2024-07-12,15193014862,RU000A1025V3,RUSAL ao,1-01-16677-A,39.35,SUR,1,1,2024-07-16
RUSI,TQBR,ИКРУСС-ИНВ,88.2,10,1.0,A,Т+: Акции и ДР - безадрес.,1,РУСС-ИНВЕСТ ИК ПАО ао,,FNDT,EQIN,,0.1,88.1,SUR,2024-07-12,109000000,RU000A0JQ9W5,RUSS-INVEST IC ao,1-01-00409-A,88.2,SUR,1,3,2024-07-16
RZSB,TQBR,РязЭнСб,35.0,100,0.05,A,Т+: Акции и ДР - безадрес.,2,"""Рязанская энергосб.комп"" ПАО",,FNDT,EQIN,,0.02,34.82,SUR,2024-07-12,206940220,RU000A0D9AF5,"JSC ""Ryazanenergosbyt""",1-01-50092-A,35.0,SUR,1,3,2024-07-16
SAGO,TQBR,СамарЭн-ао,3.2,1000,0.25,A,Т+: Акции и ДР - безадрес.,3,Самараэнерго (ПАО) - ао,,FNDT,EQIN,,0.005,3.305,SUR,2024-07-12,3538928532,RU0009098255,SamaraEnergo ao,1-02-00127-A,3.19,SUR,1,3,2024-07-16
SAGOP,TQBR,СамарЭн-ап,3.1,1000,0.01,A,Т+: Акции и ДР - безадрес.,3,Самараэнерго (ПАО) - ап,,FNDT,EQIN,,0.005,3.19,SUR,2024-07-12,521993080,RU0009084495,SamaraEnergo(pref),2-02-00127-A,3.1,SUR,2,3,2024-07-16
SARE,TQBR,СаратЭн-ао,0.58,10000,0.02,A,Т+: Акции и ДР - безадрес.,3,Саратовэнерго(ПАО)-ао,,FNDT,EQIN,,0.001,0.583,SUR,2024-07-12,4865127996,RU0009100754,SaratovEnergo ao,1-02-00132-A,0.577,SUR,1,3,2024-07-16
SAREP,TQBR,СаратЭн-ап,0.2965,10000,0.02113,A,Т+: Акции и ДР - безадрес.,4,Саратовэнерго(ПАО)-ап,,FNDT,EQIN,,0.0005,0.298,SUR,2024-07-12,1493316000,RU0009100762,SaratovEnergo (pref),2-02-00132-A,0.2965,SUR,2,3,2024-07-16
SBER,TQBR,Сбербанк,292.21,10,3.0,A,Т+: Акции и ДР - безадрес.,2,Сбербанк России ПАО ао,,FNDT,EQIN,,0.01,293.36,SUR,2024-07-12,21586948000,RU0009029540,Sberbank,10301481B,292.35,SUR,1,1,2024-07-16
SBERP,TQBR,Сбербанк-п,292.22,10,3.0,A,Т+: Акции и ДР - безадрес.,2,Сбербанк России ПАО ап,,FNDT,EQIN,,0.01,293.33,SUR,2024-07-12,1000000000,RU0009029557,Sberbank (pref),20301481B,291.93,SUR,2,1,2024-07-16
SELG,TQBR,Селигдар,54.37,10,1.0,A,Т+: Акции и ДР - безадрес.,2,"ПАО ""Селигдар""  ао",,FNDT,EQIN,,0.01,54.58,SUR,2024-07-12,1030000000,RU000A0JPR50,Seligdar,1-01-32694-F,54.08,SUR,1,1,2024-07-16
SFIN,TQBR,ЭсЭфАй ао,1339.8,1,0.67,A,Т+: Акции и ДР - безадрес.,1,ЭсЭфАй ПАО ао,,FNDT,EQIN,,0.2,1317.4,SUR,2024-07-12,111637791,RU000A0JVW89,SFI ao,1-02-56453-P,1339.8,SUR,1,1,2024-07-16
SGZH,TQBR,Сегежа,2.544,100,0.1,A,Т+: Акции и ДР - безадрес.,3,Сегежа ао,,FNDT,EQIN,,0.001,2.518,SUR,2024-07-12,15690000000,RU000A102XG9,Segezha,1-01-87154-H,2.5,SUR,1,1,2024-07-16
SIBN,TQBR,Газпрнефть,655.3,1,0.0016,A,Т+: Акции и ДР - безадрес.,2,Газпром нефть ПАО ао,,FNDT,EQIN,,0.05,658.2,SUR,2024-07-12,4741299639,RU0009062467,Gazprom neft,1-01-00146-A,656.0,SUR,1,3,2024-07-16
SLEN,TQBR,Сахэнер ао,4.12,100,10.0,A,Т+: Акции и ДР - безадрес.,3,"ПАО ""Сахалинэнерго"" ао",,FNDT,EQIN,,0.005,4.14,SUR,2024-07-12,1237175444,RU0009280465,Sakhalinenergo ao,1-03-00272-A,4.12,SUR,1,3,2024-07-16
SMLT,TQBR,Самолет ао,2867.0,1,25.0,A,Т+: Акции и ДР - безадрес.,1,ГК Самолет ао,,FNDT,EQIN,,0.5,2860.5,SUR,2024-07-12,61579358,RU000A0ZZG02,Samolet,1-01-16493-A,2856.0,SUR,1,1,2024-07-16
SNGS,TQBR,Сургнфгз,28.17,100,1.0,A,Т+: Акции и ДР - безадрес.,3,Сургутнефтегаз ПАО акции об.,,FNDT,EQIN,,0.005,28.105,SUR,2024-07-12,35725994705,RU0008926258,Surgut,1-01-00155-A,27.91,SUR,1,2,2024-07-16
SNGSP,TQBR,Сургнфгз-п,63.575,100,1.0,A,Т+: Акции и ДР - безадрес.,3,Сургутнефтегаз ПАО ап,,FNDT,EQIN,,0.005,63.615,SUR,2024-07-12,7701998235,RU0009029524,Surgut-pref,2-01-00155-A,63.37,SUR,2,2,2024-07-16
SOFL,TQBR,iСофтлайн,139.74,10,0.001499992500037,A,Т+: Акции и ДР - безадрес.,2,Софтлайн ао,,FNDT,EQIN,,0.02,139.08,SUR,2024-07-12,324000000,RU000A0ZZBC2,Softline,1-01-45848-H,138.6,SUR,1,2,2024-07-16
SPBE,TQBR,СПБ Биржа,122.8,1,3.75,A,Т+: Акции и ДР - безадрес.,1,СПБ Биржа ао,,FNDT,EQIN,,0.1,123.8,SUR,2024-07-12,132843907,RU000A0JQ9P9,SPB Exchange,1-01-55439-E,122.6,SUR,1,3,2024-07-16
STSB,TQBR,СтаврЭнСб,2.755,1000,0.0048,A,Т+: Акции и ДР - безадрес.,3,Ставрополэнергосбыт ПАО ао,,FNDT,EQIN,,0.005,2.765,SUR,2024-07-12,859074636,RU000A0ET1W4,StavropolEnergoSbyt,1-01-50119-A,2.755,SUR,1,3,2024-07-16
STSBP,TQBR,СтаврЭнСбп,2.77,1000,0.0048,A,Т+: Акции и ДР - безадрес.,3,Ставрополэнергосбыт ПАО ап,,FNDT,EQIN,,0.002,2.792,SUR,2024-07-12,262100364,RU000A0ET1Z7,StavropolEnergoSbyt (pref),2-01-50119-A,2.77,SUR,2,3,2024-07-16
SVAV,TQBR,СОЛЛЕРС,765.5,1,12.5,A,Т+: Акции и ДР - безадрес.,1,"ПАО ""СОЛЛЕРС""",,FNDT,EQIN,,0.5,772.5,SUR,2024-07-12,31486001,RU0006914488,Sollers Avto,1-01-02461-D,771.0,SUR,1,2,2024-07-16
SVCB,TQBR,Совкомбанк,14.39,100,0.1,A,Т+: Акции и ДР - безадрес.,3,Совкомбанк ао,,FNDT,EQIN,,0.005,14.41,SUR,2024-07-12,20693945875,RU000A0ZZAC4,Sovcombank,10100963B,14.25,SUR,1,1,2024-07-16
SVET,TQBR,Светофор,21.95,1,1.0,A,Т+: Акции и ДР - безадрес.,2,Светофор Групп ао,,FNDT,EQIN,,0.05,21.9,SUR,2024-07-12,22333500,RU000A100592,Svetofor Group,1-01-24350-J,21.95,SUR,1,3,2024-07-16
SVETP,TQBR,Светофор п,49.65,1,1.0,A,Т+: Акции и ДР - безадрес.,2,Светофор Групп ап,,FNDT,EQIN,,0.05,49.75,SUR,2024-07-12,2481500,RU000A1005A9,Svetofor Group ps,2-01-24350-J,49.65,SUR,2,3,2024-07-16
TASB,TQBR,ТамбЭнСб,1.964,1000,0.02,A,Т+: Акции и ДР - безадрес.,3,"ао""Тамбов.энергсбыт.комп.""ПАО",,FNDT,EQIN,,0.002,1.938,SUR,2024-07-12,1525986880,RU000A0D8NG8,Tambov EnergoSbyt Company,1-01-65100-D,1.96,SUR,1,3,2024-07-16
TASBP,TQBR,ТамбЭнСб-п,1.008,10000,0.02,A,Т+: Акции и ДР - безадрес.,3,"ап""Тамбов.энергсбыт.комп.""ПАО",,FNDT,EQIN,,0.002,1.018,SUR,2024-07-12,217961420,RU000A0D8NH6,Tambov EnergoSbyt Comp. (pref),2-01-65100-D,1.008,SUR,2,3,2024-07-16
TATN,TQBR,Татнфт 3ао,653.9,1,1.0,A,Т+: Акции и ДР - безадрес.,1,"ПАО ""Татнефть"" ао",,FNDT,EQIN,,0.1,653.2,SUR,2024-07-12,2178690700,RU0009033591,Tatneft-3,1-03-00161-A,652.0,SUR,1,1,2024-07-16
TATNP,TQBR,Татнфт 3ап,639.7,1,1.0,A,Т+: Акции и ДР - безадрес.,1,"ПАО ""Татнефть"" ап 3 вып.",,FNDT,EQIN,,0.1,637.2,SUR,2024-07-12,147508500,RU0006944147,Tatneft (pref),2-03-00161-A,638.0,SUR,2,1,2024-07-16
TCSG,TQBR,ТКСХолд ао,2692.5,1,3.639384,A,Т+: Акции и ДР - безадрес.,1,ТКС Холдинг МКПАО ао,,FNDT,EQIN,,0.5,2710.5,SUR,2024-07-12,199305492,RU000A107UL4,IPJSC TCS Holding,1-01-16784-A,2696.0,SUR,1,1,2024-07-16
TGKA,TQBR,ТГК-1,0.00746,100000,0.01,A,Т+: Акции и ДР - безадрес.,6,"ао ПАО ""ТГК-1""",,FNDT,EQIN,,2e-06,0.007556,SUR,2024-07-12,3854341416571,RU000A0JNUD0,TGK-1,1-01-03388-D,0.007486,SUR,1,1,2024-07-16
TGKB,TQBR,ТГК-2,0.01008,1000000,0.01,A,Т+: Акции и ДР - безадрес.,6,"ао ПАО ""ТГК-2""",,FNDT,EQIN,,5e-06,0.010315,SUR,2024-07-12,1458404850747,RU000A0JNGS7,TGK-2,1-01-10420-A,0.01008,SUR,1,3,2024-07-16
TGKBP,TQBR,ТГК-2 ап,0.01633,100000,0.01,A,Т+: Акции и ДР - безадрес.,5,"ап ПАО ""ТГК-2""",,FNDT,EQIN,,1e-05,0.01648,SUR,2024-07-12,16500533681,RU000A0JNGT5,TGK-2 pref,2-01-10420-A,0.0163,SUR,2,3,2024-07-16
TGKN,TQBR,ТГК-14,0.00985,100000,0.001,A,Т+: Акции и ДР - безадрес.,5,"ао ПАО ""ТГК-14""",,FNDT,EQIN,,1e-05,0.01006,SUR,2024-07-12,1357945609114,RU000A0H1ES3,TGK-14,1-01-22451-F,0.00985,SUR,1,2,2024-07-16
TNSE,TQBR,ТНСэнрг ао,2790.0,1,1.0,A,Т+: Акции и ДР - безадрес.,0,"ПАО ГК ""ТНС энерго"" ао",,FNDT,EQIN,,5.0,2810.0,SUR,2024-07-12,13668239,RU000A0JUCQ5,"PAO GK ""TNS energo"" ao",1-01-15521-A,2790.0,SUR,1,3,2024-07-16
TORS,TQBR,ТРК ао,0.786,10000,0.4916,A,Т+: Акции и ДР - безадрес.,3,"ао ""Томская распределит.комп.""",,FNDT,EQIN,,0.002,0.792,SUR,2024-07-12,3819315580,RU000A0ETZF2,Tomsk raspredelit. komp ao,1-01-50128-A,0.786,SUR,1,3,2024-07-16
TORSP,TQBR,ТРК ап,0.465,10000,0.4916,A,Т+: Акции и ДР - безадрес.,3,"ап ""Томская распределит.комп.""",,FNDT,EQIN,,0.001,0.462,SUR,2024-07-12,576693000,RU000A0ETZM8,Tomsk raspredelit. komp ap,2-01-50128-A,0.465,SUR,2,3,2024-07-16
TRMK,TQBR,ТМК ао,172.36,10,10.0,A,Т+: Акции и ДР - безадрес.,2,ПАО ТМК,,FNDT,EQIN,,0.02,170.48,SUR,2024-07-12,1033135366,RU000A0B6NK6,TMK ao,1-01-29031-H,170.06,SUR,1,2,2024-07-16
TRNFP,TQBR,Транснф ап,1463.0,1,0.01,A,Т+: Акции и ДР - безадрес.,1,Транснефть ПАО акц.пр.,,FNDT,EQIN,,0.5,1459.5,SUR,2024-07-12,155487500,RU0009091573,Transneft (pref),2-01-00206-A,1450.0,SUR,2,1,2024-07-16
TTLK,TQBR,Таттел. ао,0.7835,1000,0.1,A,Т+: Акции и ДР - безадрес.,4,"""Таттелеком"" ПАО ао",,FNDT,EQIN,,0.0005,0.794,SUR,2024-07-12,20843976400,RU000A0HM5C1,Tattelekom,1-02-50049-A,0.7835,SUR,1,3,2024-07-16
TUZA,TQBR,ТЗА ао,229.5,10,10.0,A,Т+: Акции и ДР - безадрес.,1,Туймаз. завод автобетоновозов,,FNDT,EQIN,,0.5,232.5,SUR,2024-07-12,8220000,RU000A0HL7A2,Tuimaz. Zavod Avtobetonovozov,1-01-30455-D,229.5,SUR,1,3,2024-07-16
UGLD,TQBR,ЮГК,0.826,1000,0.001,A,Т+: Акции и ДР - безадрес.,4,ЮГК,,FNDT,EQIN,,0.0001,0.8349,SUR,2024-07-12,212827273000,RU000A0JPP37,UGC,1-02-33010-D,0.826,SUR,1,2,2024-07-16
UKUZ,TQBR,ЮжКузб. ао,1304.0,1,0.04,A,Т+: Акции и ДР - безадрес.,0,Южный Кузбасс ПАО ао,,FNDT,EQIN,,2.0,1306.0,SUR,2024-07-12,36149002,RU0005294775,Uzhnyi Kuzbass,1-02-10591-F,1304.0,SUR,1,3,2024-07-16
UNAC,TQBR,iАвиастКао,0.703,1000,0.27,A,Т+: Акции и ДР - безадрес.,4,Об.авиастр.корп. ПАО ао,,FNDT,EQIN,,0.0005,0.717,SUR,2024-07-12,532939780119,RU000A0JPLZ7,Ob.aviastroitelnaya korp.,1-02-55306-E,0.6955,SUR,1,3,2024-07-16
UNKL,TQBR,ЮУНК ао,5220.0,1,1.0,A,Т+: Акции и ДР - безадрес.,0,Южно-Уральский никел. комб. ао,,FNDT,EQIN,,10.0,5230.0,SUR,2024-07-12,599737,RU0004887991,Uzhno-Uralskiy nikel. komb. ao,1-01-00197-A,5220.0,SUR,1,3,2024-07-16
UPRO,TQBR,Юнипро ао,1.754,1000,0.4,A,Т+: Акции и ДР - безадрес.,3,Юнипро ПАО ао,,FNDT,EQIN,,0.001,1.77,SUR,2024-07-12,63048706145,RU000A0JNGA5,Unipro PAO ao,1-02-65104-D,1.755,SUR,1,1,2024-07-16
URKZ,TQBR,УрКузница,26200.0,1,1.0,A,Т+: Акции и ДР - безадрес.,0,"ПАО ""Уральская кузница"" ао",,FNDT,EQIN,,50.0,26350.0,SUR,2024-07-12,547761,RU000A0JPFY2,Uralskaya kuznica ao,1-01-32341-D,26200.0,SUR,1,3,2024-07-16
USBN,TQBR,УралСиб ао,0.179,10000,0.1,A,Т+: Акции и ДР - безадрес.,4,БАНК УРАЛСИБ ПАО ао,,FNDT,EQIN,,0.0001,0.1791,SUR,2024-07-12,360134697357,RU0006929536,BANK URALSIB ao,10200030B,0.179,SUR,1,3,2024-07-16
UTAR,TQBR,ЮТэйр ао,15.48,100,1.0,A,Т+: Акции и ДР - безадрес.,2,"Авиакомпания ""ЮТэйр"" (ПАО) ао",,FNDT,EQIN,,0.01,15.39,SUR,2024-07-12,7896123268,RU0007661385,UTAir Aviacompany,1-01-00077-F,15.53,SUR,1,3,2024-07-16
VEON-RX,TQBR,VEON,31.4,10,0.001,A,Т+: Акции и ДР - безадрес.,2,VEON Ltd. ORD SHS,,FNDT,EQIN,,0.05,31.6,USD,2024-07-12,1749127404,BMG9349W1038,VEON Ltd. ORD SHS,,31.4,SUR,1,3,2024-07-16
VGSB,TQBR,ВолгЭнСб,15.24,1000,0.12,A,Т+: Акции и ДР - безадрес.,2,"""Волгоград.энергосбыткомп"" ПАО",,FNDT,EQIN,,0.02,15.32,SUR,2024-07-12,319595965,RU000A0D8L73,Volgograd Energo Sbyt,1-01-65103-D,15.24,SUR,1,3,2024-07-16
VGSBP,TQBR,ВолгЭнСб-п,9.04,1000,0.12,A,Т+: Акции и ДР - безадрес.,2,"""Волгоград.энергосбыткомп"" ПАО",,FNDT,EQIN,,0.02,9.06,SUR,2024-07-12,80499134,RU000A0D8L57,Volgograd Energo Sbyt (pref),2-01-65103-D,9.04,SUR,2,3,2024-07-16
VJGZ,TQBR,Варьеган,2710.0,1,0.1,A,Т+: Акции и ДР - безадрес.,0,ННК-Варьеганнефтегаз ПАО ао,,FNDT,EQIN,,2.0,2652.0,SUR,2024-07-12,18091110,RU0009046460,Var'eganneftegaz ao,1-01-00017-A,2710.0,SUR,1,3,2024-07-16
VJGZP,TQBR,Варьеган-п,1944.0,1,0.1,A,Т+: Акции и ДР - безадрес.,0,ННК-Варьеганнефтегаз ПАО ап,,FNDT,EQIN,,1.0,1902.0,SUR,2024-07-12,5883050,RU0007964789,Var'eganneftegaz ap,2-01-00017-A,1944.0,SUR,2,3,2024-07-16
VKCO,TQBR,"МКПАО ""ВК""",454.4,1,0.000450595,A,Т+: Акции и ДР - безадрес.,1,Международная компания ПАО ВК,,FNDT,EQIN,,0.2,456.6,SUR,2024-07-12,227874940,RU000A106YF0,VK International Public JS Com,1-01-16753-A,455.2,SUR,1,1,2024-07-16
VLHZ,TQBR,ВХЗ-ао,214.4,10,20.0,A,Т+: Акции и ДР - безадрес.,1,Владимирский химич.з-д(ПАО) ао,,FNDT,EQIN,,0.2,217.2,SUR,2024-07-12,5005605,RU0007984761,VHZ,1-02-04847-A,214.4,SUR,1,3,2024-07-16
VRSB,TQBR,ТНСэнВорон,473.0,10,0.4,A,Т+: Акции и ДР - безадрес.,1,ТНС энерго Воронеж ПАО ао,,FNDT,EQIN,,0.5,482.0,SUR,2024-07-12,56151024,RU000A0DPG67,TNS energo Voroneg ao,1-01-55029-E,473.0,SUR,1,3,2024-07-16
VRSBP,TQBR,ТНСэнВор-п,153.4,10,0.4,A,Т+: Акции и ДР - безадрес.,1,ТНС энерго Воронеж ПАО ап,,FNDT,EQIN,,0.2,155.6,SUR,2024-07-12,18716678,RU000A0DPG75,TNS energo Voroneg ap,2-01-55029-E,153.4,SUR,2,3,2024-07-16
VSEH,TQBR,ВИ.ру,198.0,1,0.01,A,Т+: Акции и ДР - безадрес.,2,ВИ.ру,,FNDT,EQIN,,0.05,193.05,SUR,2024-07-12,500000000,RU000A108K09,VI.ru,1-01-06636-G,198.0,SUR,1,1,2024-07-16
VSMO,TQBR,ВСМПО-АВСМ,30000.0,1,1.0,A,Т+: Акции и ДР - безадрес.,0,Корп. ВСМПО-АВИСМА (ПАО) ао,,FNDT,EQIN,,20.0,30060.0,SUR,2024-07-12,11529538,RU0009100291,Corp. VSMPO-AVISMA ao,1-01-30202-D,30100.0,SUR,1,2,2024-07-16
VSYD,TQBR,ВыбСудЗ ао,15750.0,1,0.5,A,Т+: Акции и ДР - безадрес.,0,Выборгский Суд.Завод ПАО ао,,FNDT,EQIN,,50.0,15750.0,SUR,2024-07-12,1891250,RU0006334372,Viborgskii sudostr. Zavod ao,1-01-02203-D,15750.0,SUR,1,3,2024-07-16
VSYDP,TQBR,ВыбСудЗ ап,10480.0,1,0.5,A,Т+: Акции и ДР - безадрес.,0,Выборгский Суд.Завод ПАО ап,,FNDT,EQIN,,20.0,10480.0,SUR,2024-07-12,51839,RU0006334380,Viborgskii sudostr. Zavod ap,2-01-02203-D,10480.0,SUR,2,3,2024-07-16
VTBR,TQBR,ВТБ ао,99.65,1,50.0,A,Т+: Акции и ДР - безадрес.,2,ао ПАО Банк ВТБ,,FNDT,EQIN,,0.01,99.65,SUR,2024-07-12,5369933893,RU000A0JP5V6,VTB,10401000B,99.6,SUR,1,1,2024-07-16
WTCM,TQBR,ЦМТ ао,15.64,100,1.0,A,Т+: Акции и ДР - безадрес.,2,"""Центр междун. торговли""ПАО ао",,FNDT,EQIN,,0.02,15.68,SUR,2024-07-12,1083000000,RU0008137070,CMT,1-01-01837-A,15.64,SUR,1,3,2024-07-16
WTCMP,TQBR,ЦМТ ап,10.06,100,1.0,A,Т+: Акции и ДР - безадрес.,2,"""Центр междун. торговли""ПАО ап",,FNDT,EQIN,,0.02,10.08,SUR,2024-07-12,162000000,RU0008137088,CMT (pref),2-01-01837-A,10.06,SUR,2,3,2024-07-16
WUSH,TQBR,iВУШХолднг,274.2,1,0.01,A,Т+: Акции и ДР - безадрес.,2,ВУШ Холдинг ао,,FNDT,EQIN,,0.01,274.57,SUR,2024-07-12,111382432,RU000A105EX7,WHOOSH Holding,1-01-03292-G,274.88,SUR,1,2,2024-07-16
YAKG,TQBR,ЯТЭК ао,77.15,10,1.0,A,Т+: Акции и ДР - безадрес.,2,Якутская топл.-энерг. комп. ао,,FNDT,EQIN,,0.05,77.45,SUR,2024-07-12,826919375,RU0007796819,YaTEK ao,1-01-20510-F,76.85,SUR,1,3,2024-07-16
YDEX,TQBR,ЯНДЕКС,,1,0.4,A,Т+: Акции и ДР - безадрес.,1,МКПАО ЯНДЕКС,,FNDT,EQIN,,0.5,,SUR,2024-07-12,379453795,RU000A107T19,YANDEX,1-01-16777-A,,SUR,1,1,2024-07-16
YKEN,TQBR,Якутскэнрг,0.549,10000,2.22,A,Т+: Акции и ДР - безадрес.,3,"АК ""Якутскэнерго"" (ПАО) ао",,FNDT,EQIN,,0.001,0.553,SUR,2024-07-12,10187741424,RU0009257075,YakutskEnergo,1-01-00304-A,0.549,SUR,1,3,2024-07-16
YKENP,TQBR,Якутскэн-п,0.455,10000,2.22,A,Т+: Акции и ДР - безадрес.,3,"АК ""Якутскэнерго"" (ПАО) ап",,FNDT,EQIN,,0.001,0.465,SUR,2024-07-12,1332635125,RU0007796827,YakutskEnergo ap,2-01-00304-A,0.455,SUR,2,3,2024-07-16
YRSB,TQBR,ТНСэнЯр,810.0,10,1.0,A,Т+: Акции и ДР - безадрес.,0,ТНС энерго Ярославль ПАО ао,,FNDT,EQIN,,2.0,828.0,SUR,2024-07-12,17143584,RU000A0D8760,TNS energo Yaroslavl' ao,1-01-50099-A,810.0,SUR,1,3,2024-07-16
YRSBP,TQBR,ТНСэнЯр-п,216.5,10,1.0,A,Т+: Акции и ДР - безадрес.,1,ТНС энерго Ярославль ПАО ап,,FNDT,EQIN,,0.5,217.5,SUR,2024-07-12,4507320,RU000A0D88B3,TNS energo Yaroslavl' (pref),2-01-50099-A,217.0,SUR,2,3,2024-07-16
ZAYM,TQBR,Займер ао,177.35,10,0.1,A,Т+: Акции и ДР - безадрес.,2,Займер ао,,FNDT,EQIN,,0.05,179.05,SUR,2024-07-12,100000000,RU000A107RM8,Zaymer,1-01-16767-A,177.3,SUR,1,3,2024-07-16
ZILL,TQBR,ЗИЛ ао,3265.0,1,1000.0,A,Т+: Акции и ДР - безадрес.,0,Завод им. И.А.Лихачева ПАО ао,,FNDT,EQIN,,5.0,3290.0,SUR,2024-07-12,2659962,RU0009086193,ZIL ao,1-02-00036-A,3265.0,SUR,1,3,2024-07-16
ZVEZ,TQBR,ЗВЕЗДА ао,8.24,1000,0.1,A,Т+: Акции и ДР - безадрес.,2,ЗВЕЗДА ПАО ао,,FNDT,EQIN,,0.01,8.29,SUR,2024-07-12,562020480,RU0009091300,Zvezda ao,1-01-00169-D,8.24,SUR,1,3,2024-07-16
